vi 2002_03_Izu/Izu2002.html
vi 2002_03_Takaosan/Takaosan2002.html
vi 2002_04_Kogashiyama/Kogashiyama2002.html
vi 2002_05_Kumotoriyama/Kumotoriyama2002.html
vi 2002_05_Myogisan/Myogisan2002.html
vi 2002_05_Wagakunisan/Wagakunisan2002.html
vi 2002_06_Asahidake/Asahidake2002.html
vi 2002_06_Kentokusan/Kentokusan2002.html
vi 2002_07_Kamikochi/Kamikochi2002.html
vi 2002_07_Okukuji/Okukuji2002.html
vi 2002_09_Dewa-sanzan/Dewa-sanzan2002.html
vi 2002_10_Oze/Oze2002.html
vi 2002_10_Tanigawa-dake/Tanigawa-dake2002.html
vi 2002_11_Panoramadai/Panoramadai2002.html
vi 2002_11_Tsukiore-san/Tsukiore-san2002.html
vi 2002_11_Tsukiore-san/tsukiore-san2002.html
vi 2002_12_Tsukuba-san/Tsukuba-san2002.html
vi 2002_12_Xmas_party/Xmas_party2002.html
vi 2002_8_Iwaki/Iwaki2002.html
vi 2003_01_KabaSan/KabaSan2003.html
vi 2003_01_YoroGorge/YoroGorge2003.html
vi 2003_02_InawashiroDH/InawashiroDH2003.html
vi 2003_02_NikkoXC/NikkoXC2003.html
vi 2003_03_Mihara-yama/Mihara-yama2003.html
vi 2003_03_Narukami-yama/Narukami-yama2003.html
vi 2003_04_Izu/Izu2003.html
vi 2003_05_Atago/Atago2003.html
vi 2003_05_Nikko/Nikko2003.html
vi 2003_06_Gozen-yama/Gozen-yama2003.html
vi 2003_06_Hakone/Hakone2003.html
vi 2003_07_BBQ/BBQ2003.html
vi 2003_07_Nagano/Nagano2003.html
vi 2003_08_Fuji/Fuji2003.html
vi 2003_08_Iwaki/Iwaki2003.html
vi 2003_09_Kumotori/Kumotori2003.html
vi 2003_09_NightHike/NightHike2003.html
vi 2003_10_Mikagura/Mikagura2003.html
vi 2003_10_Nemoto/Nemoto2003.html
vi 2003_11_Asahi/Asahi2003.html
vi 2003_11_Ryokami/Ryokami2003.html
vi 2003_12_Akagi/Akagi2003.html
